id,isim,soyisim,Email,TelefonNumarasi
0626c080-9b3a-409c-8a65-f330d540845c,Madeline,Peters,Evelyn.Schofield@yahoo.org.uk,01950-281748
ec3319c8-a63d-47a4-b7e3-e5c51e2bb3e0,Luis,Giles,J.Carroll@baidu.net,01332-249443
17eda755-59e8-4a33-ba8c-bf2acbd4fed6,Caroline,Joyce,Harper.Peters@wordpress.info,01837-692422
98c7306f-d1ca-46f8-b673-864cce4d44db,Ayden,Hilton,Makayla.Jones@bet365.biz,01371-084766
0df8dbf0-2640-4789-8a9f-abdf2a37055f,Alexandra,Sanders,Reagan.Wood@163.co,01564-971667
4d8a23e8-1e21-497a-aaab-f45401d1cb73,Bryson,Thomas,Levi.Mac@studio1337.info,01675-382535
233ff067-02e2-4686-8090-a59f0f216481,Carter,Thornton,A.Lewis@gmail.co.uk,01239-031687
94855040-0493-481c-95fe-20a36ab60bd5,Hunter,Green,R.Seymour@yahoo.co,01328-133503
0970761f-e797-4ba6-8cd8-91e496f50c98,Morgan,Hooper,Austin.Nash@globo.co.uk,01863-360409
79cfb986-c4bf-4568-9d71-100e66817ce9,Serenity,Bradshaw,F.Carroll@expedia.us,01100-543860
e68178d5-ad2a-4fef-9781-4a930087b0c7,Scarlett,Bradshaw,L.Weaver@cnn.org,01505-863424
1fdca5d8-f3a1-4317-8876-84ea2464d7f5,Skylar,Evans,D.Cullen@amazon.info,01021-950014
12cdc309-0a74-486b-8f8e-0b2048431239,Taylor,Brown,Bailey.Johnson@deviantart.info,01333-601837
479367bc-97b0-47ec-b1c8-5ab12f23d485,Brayden,Osborne,A.Walker@live.org,01255-575938
075a3a0b-6182-49ab-9ff1-c5e8802796c9,Layla,Riddick,I.Naylor@msdn.co.uk,01331-001207
c24fe1ad-9c27-4f6c-bdc8-d380c200059c,Reagan,Roberts,Aiden.Silva@flipkart.net,01275-876240
6643e191-aa98-40e2-9d9a-3af19d2db95e,Paul,Jennings,M.Robinson@flipkart.us,01114-336744
878ee296-a135-40c8-9796-be0f0faefba0,Jeremiah,Jackson,David.Harris@flipkart.org.uk,01446-475051
0db3f057-c2f7-48d5-b8d2-ed43d0632ee6,Savannah,Naylor,X.Mcgregor@paypal.org.uk,01783-802259
1bdb2716-cd5a-4b50-a476-a330cca32dbf,Noah,Mcfarlane,Savannah.Adam@yelp.net,01374-837530
05787ae6-4622-425c-89b2-9938e39aa4ae,Xavier,Whitehouse,Benjamin.Peters@etsy.co,01053-322515
13137d3c-b646-4bd5-8c82-9e53c8c1bc61,Lillian,Smith,J.Riddick@stackoverflow.co,01185-627277
f5eba2be-12c9-407a-9497-71712f3a95f9,Sophia,Naylor,A.Mac@cnn.com,01995-121121
3b30f144-362d-42b7-a840-935e0a69d34c,Annabelle,Boyd,Cooper.Whittaker@ask.us,01342-614431
f26085bd-0c3c-4e83-8634-32c1bc0323ad,Daniel,Swift,Elizabeth.Sanders@stackoverflow.com,01395-340517
d2fe8965-0b53-4e80-bcfd-bec6270e7958,Maya,Jackson,Jeremiah.Bradshaw@bbc.com,01828-079051
e456cae4-3096-4e57-a50b-a9253a6b9750,Aubree,Summers,Oliver.Mohamed@live.biz,01399-209717
c7ba2b63-1ef3-45aa-8670-375c7f96752f,Adam,Savage,L.Giles@adamriddick.us,01332-639825
f88a46b9-8547-45e2-9e2a-5e8f7f07154b,Isaiah,Osborne,M.Lewis@qq.com,01261-825207
db1e5363-94c8-4d85-b676-e74b932794c4,Brayden,Shepherd,Jordan.Savage@studio1337.co.uk,01476-938397
d7716b68-edc2-43ca-ac6b-2f7944950769,Brayden,Blair,Autumn.Mohamed@bbc.org.uk,01740-632228
f7021479-2912-4ab8-9e47-e8f6a11db46b,Easton,Akhtar,J.Savage@etsy.org.uk,01432-343847
3ef4fe70-90f2-47ae-8bac-5b737ed68992,Elizabeth,Joyce,A.Adam@techcrunch.us,01073-470959
c81d7079-8006-4892-aaa9-27e854ad0bd3,Jordan,Dale,A.Swift@bing.info,01249-688522
b3c3052a-208a-4262-8de7-56f1fea35ba9,Faith,Welch,Andrew.Bradshaw@adamriddick.co.uk,01096-139300
700f3e99-56a1-4c93-9b14-27bb477d29f6,Jocelyn,Whitehouse,Damian.Mohamed@maplin.org.uk,01939-594877
5155949e-be2a-48ec-8a51-edd704ffebb4,Grace,Power,Aaron.Power@adamriddick.org,01100-028833
b8265cad-b0db-4834-b8cc-e5d22f0c6751,Hailey,Swift,O.Green@cnn.info,01150-126127
e5321a7b-30df-48f0-88de-db097935e6fa,Levi,Hooper,A.Buckley@wordpress.co,01491-166134
86398b9f-769b-4854-80ec-97beea5d2490,Damian,Wood,Kaylee.Vaughan@paypal.org.uk,01397-489017
2f037502-1736-40e1-add0-9c25640b1822,William,Robinson,J.Obrien@theguardian.info,01599-499113
1cd7bf06-ee63-4d8f-8e68-737520f22bc6,Justin,White,H.Mann@theguardian.org.uk,01100-115823
40deef0b-7e3e-46ad-833e-ce264902ea61,Sophia,Schofield,B.Boyd@techcrunch.biz,01590-827633
406e3d44-70f8-4a9b-b9da-d3327404188a,Landon,Walker,C.White@baidu.info,01548-366591
3e14a605-9a67-4c82-8d78-247c1d35c8fb,Ava,Taylor,Brayden.Coles@deviantart.co,01428-347129
7b90dd8a-e8da-45ea-9ead-0cd202b0d739,Lucy,Jennings,Jack.Carroll@paypal.org.uk,01813-333523
133ec818-771b-4cec-b198-58cf10797531,Trinity,Akhtar,G.Buckley@yelp.co.uk,01829-023632
14195715-58dc-44b2-b568-17f1112355d4,Oliver,Savage,C.Cullen@microsoft.biz,01409-582472
f7417079-1ad3-40e9-88f3-ca9c4623404d,Piper,Coles,B.Shepherd@lego.org,01579-969075
f40ffab9-0ad3-4e89-b5ad-d2a99406a83d,Adam,Taylor,S.Kenny@wikia.biz,01033-764163
517c2f3c-59f6-4642-8750-70f1a0feb7f3,Victoria,Hilton,A.Taylor@bestbuy.net,01554-941769
5dba723f-1cac-4f79-a98d-c18a91b4c7cb,Eva,Watson,V.Perkins@live.org.uk,01981-580574
0849fb3c-4b78-441a-93eb-9c4c36cbfda5,Skylar,Barlow,J.Vaughan@sky.net,01209-299487
404cbf90-1ec3-41a4-93ea-693fe0d74773,Isabella,Whittaker,Josiah.Mcfarlane@bing.co.uk,01106-446658
d85d2a91-15c3-4e4f-9073-581eabd3847f,Evelyn,Thomas,T.Barlow@bestbuy.net,01578-210237
58848480-45e7-465c-ae20-134217b1f971,Savannah,Roberts,Aaron.Hilton@qq.biz,01686-254105
6d26ebc8-b0f2-4137-9658-165fb3ce4fc4,Luis,Thomas,Kylie.Welch@bestbuy.info,01299-620921
b6313c16-bcf4-4de0-87d8-e9be54ee8472,Austin,Cullen,A.Blair@ask.co.uk,01631-300454
73c49d19-0838-486c-8510-0645866bd62c,Michael,Swift,Leah.Whelan@163.net,01696-533344
32dad159-e2cb-43e8-a508-2fc839441c4a,Damian,Lord,Allison.Jones@theguardian.biz,01588-826531
fe097848-4d3a-482a-8aa4-ab25837dca28,Claire,Green,L.Smith@linkedin.biz,01510-706565
00247316-8715-410d-99db-4a9f77e10e46,Amelia,Joyce,C.Seymour@microsoft.info,01487-990209
f4cf572a-1d92-450d-bdc2-2a91dfe5596f,Aubree,Cullen,A.Evans@baidu.info,01578-126130
829f180d-92e9-4afe-b9ce-a67660415080,Camila,Osborne,L.Thomas@arstechnica.org.uk,01852-059730
cc510793-94f9-49d0-93f7-273ac02f9cb0,Bryson,Harris,Henry.Wyatt@wordpress.net,01825-175975
51c2494e-dca3-434e-b76a-4f9b3ee94a75,Peyton,Nash,Isaac.Whittaker@sohu.biz,01452-849524
124737c1-0997-488d-8711-890064bb12d5,Carson,Evans,Carlos.Shepherd@bing.info,01877-608367
3b68a2bd-9ceb-40c4-948e-341b4f4a284c,Anthony,Schofield,Annabelle.Summers@live.us,01008-655019
122b6150-fd7b-4740-85a5-73274967516a,Wyatt,Savage,C.Mac@expedia.info,01884-347191
6772218d-98d3-45fc-b53e-8b1606b02707,Robert,Fleming,Olivia.Mac@deviantart.org,01821-259982
48e2e6a7-a046-4973-b983-8affec6b8735,Andrea,Lord,L.Green@expedia.org.uk,01465-046345
1abdba7f-5a8e-4a9b-bb76-f88ed44a9b9f,Aaliyah,Mclean,S.Brown@bing.org.uk,01552-446499
5448044c-52a4-463d-ab3e-4f11861bd645,Jackson,Sanders,W.Power@linkedin.com,01877-591484
3f140b1c-f401-4878-84de-570f64047352,James,Roberts,Zoey.Boyd@ask.com,01201-854642
468ec5b2-cc91-4104-a9a7-678ee44c617f,Jeremiah,Nelson,Isabella.Mac@taobao.biz,01706-106158
de4f19e0-2364-41ec-8a82-88b65add05d3,Charles,Jones,S.Abbott@flipkart.net,01992-384853
732b7ebc-f1f2-4f43-8fae-00e4ef946457,Ellie,Thomas,Jonathan.Bradshaw@google.biz,01519-570588
008fe01c-d403-492c-8bd8-75b9b04a7ab5,Bailey,Sanders,M.Leach@arstechnica.org,01431-135307
ddafbf45-e26b-455a-b743-da11c8a5736d,John,Wyatt,Lillian.Welch@sohu.biz,01342-279557
43a75f87-1748-47dc-b531-c91b5af21bc6,Caleb,Buckley,C.Mcgregor@wordpress.biz,01438-416286
7f6c082b-56fc-400d-9980-8e15ea897355,Elijah,Mann,Scott.Abbott@lego.org.uk,01116-167767
55133cb5-f156-4664-b29b-732c664bde2b,Kayden,Akhtar,A.Cullen@wordpress.com,01793-599394
45af0c28-17c2-4739-8c58-49b0febff936,Molly,Mcgregor,Elizabeth.Carroll@live.net,01927-164938
23068719-7dec-47fd-a766-0890b82477f2,Bentley,Chadwick,A.Boyd@google.us,01252-776257
2e20a566-c0a7-484a-baa6-c5a52239ec49,Sophie,Welch,Matthew.Nelson@youtube.com,01353-855062
5bdb2522-897a-467c-a33f-88cb19924e1f,Jack,Hilton,Noah.Evans@ask.info,01024-080658
7e293076-0a55-48e2-8461-19f293b3330f,Lily,Obrien,S.Adam@google.org,01530-670431
76588aac-fd9e-4289-9f5f-92c40c727dfb,Khloe,Stuart,Isaac.Mann@studio1337.us,01627-319795
6159da83-a07e-4d00-a770-bd5d25ced748,Nolan,Thompson,Jeremiah.Taylor@techcrunch.com,01735-365820
8365e6cb-6951-474d-9cb7-ad120c960932,Evelyn,Wood,K.Burrows@sky.info,01622-097584
82b462b8-a0f3-420a-8ea5-fa60585af40e,Aaron,Brown,A.Jones@wikia.co.uk,01436-249937
ab9272b7-0b00-49d8-b768-34f98bde8834,Genesis,Thorne,J.Welch@techcrunch.info,01974-787087
8143cb8f-b69d-437a-b97e-6a4be212b02a,Damian,Johnson,Kayla.Whitehead@wikia.org,01147-206013
685c356f-d3e8-4217-9609-993a9a94d47a,Kylie,Buckley,S.Wood@bing.com,01674-826293
4737a640-533c-4234-84f5-0da74df8e843,Jackson,Vaughan,Jose.Mcfarlane@stackoverflow.biz,01066-876482
daaf09cc-8175-4bfe-814c-5cca153de654,Cooper,Little,Bryson.Power@microsoft.com,01821-101249
fd114dbc-34df-41cb-b8d2-eede9ea04d82,Mackenzie,Summers,Autumn.Smith@youtube.info,01580-843331
4ead4c42-c4a8-47ff-99ba-bdfea89f4335,Kevin,Lord,Juan.Mohamed@sky.us,01396-462691
76dc44d5-30d3-47bc-b93a-bb0e1f632364,Jasmine,Johnson,Carter.Mcgrath@bbc.com,01007-876958
98e1043c-48f2-46c6-8f31-9e4cbcfd6be9,Luis,Fleming,G.Taylor@baidu.net,01002-714295
