id,isim,soyisim,Telefon1,Telefon2,Telefon3,Adres,Email,Website,Aciklama
fd7deb8d-fea3-42e8-954b-97ea5bce577c,Talha,ÇOBAN,5309596348,5433516224,,muğla / milas,cobantalha19@gmail.com,talhacoban.com.tr,"Burası da benim açıklamam.
3 answers
 
·
 
Top answer: 
The following Json { ""success"": 1, ""login"": [ { ""username"": ""123456"", ""password"": ""123456"", ...
How to solve the newtonsoft.json.jsonserializationexception?
Jul 5, 2021
Cannot deserialize the current JSON object (e.g. {""Name"":""
Jun 13, 2023
Cannot deserialize the current JSON object (eg {""Name"":""
Mar 11, 2019
[Solved] Newtonsoft json deserialisation issue - CodeProject
Jun 27, 2018
More results from www.codeproject.com
"
b9949aea-5838-4fdd-9d5d-d208fbe223e9,sude,karaca,5309596348,5433516224,5303914843,muğla / milas,cobantalha19@gmail.com,talhacoban.com.tr,"Burası da benim açıklamam.
3 answers
 
·
 
Top answer: 
The following Json { ""success"": 1, ""login"": [ { ""username"": ""123456"", ""password"": ""123456"", ...
How to solve the newtonsoft.json.jsonserializationexception?
Jul 5, 2021
Cannot deserialize the current JSON object (e.g. {""Name"":""
Jun 13, 2023
Cannot deserialize the current JSON object (eg {""Name"":""
Mar 11, 2019
[Solved] Newtonsoft json deserialisation issue - CodeProject
Jun 27, 2018
More results from www.codeproject.com
"
